{
    "name": "root",
    "gauges": {
        "MoveToBall.Policy.Entropy.mean": {
            "value": 1.2327920198440552,
            "min": 1.2252616882324219,
            "max": 1.2760117053985596,
            "count": 29
        },
        "MoveToBall.Policy.Entropy.sum": {
            "value": 14597.490234375,
            "min": 12466.7939453125,
            "max": 15513.4833984375,
            "count": 29
        },
        "MoveToBall.Environment.EpisodeLength.mean": {
            "value": 393.7,
            "min": 393.19354838709677,
            "max": 409.58620689655174,
            "count": 29
        },
        "MoveToBall.Environment.EpisodeLength.sum": {
            "value": 11811.0,
            "min": 9809.0,
            "max": 12308.0,
            "count": 29
        },
        "MoveToBall.Step.mean": {
            "value": 959682.0,
            "min": 623662.0,
            "max": 959682.0,
            "count": 29
        },
        "MoveToBall.Step.sum": {
            "value": 959682.0,
            "min": 623662.0,
            "max": 959682.0,
            "count": 29
        },
        "MoveToBall.Policy.ExtrinsicValueEstimate.mean": {
            "value": 0.2516646981239319,
            "min": 0.1316451132297516,
            "max": 0.25360891222953796,
            "count": 29
        },
        "MoveToBall.Policy.ExtrinsicValueEstimate.sum": {
            "value": 7.549940586090088,
            "min": 3.4486324787139893,
            "max": 7.741239070892334,
            "count": 29
        },
        "MoveToBall.Environment.CumulativeReward.mean": {
            "value": 1.0,
            "min": 0.3103448275862069,
            "max": 1.0,
            "count": 29
        },
        "MoveToBall.Environment.CumulativeReward.sum": {
            "value": 30.0,
            "min": 9.0,
            "max": 31.0,
            "count": 29
        },
        "MoveToBall.Policy.ExtrinsicReward.mean": {
            "value": 1.0,
            "min": 0.3103448275862069,
            "max": 1.0,
            "count": 29
        },
        "MoveToBall.Policy.ExtrinsicReward.sum": {
            "value": 30.0,
            "min": 9.0,
            "max": 31.0,
            "count": 29
        },
        "MoveToBall.IsTraining.mean": {
            "value": 1.0,
            "min": 1.0,
            "max": 1.0,
            "count": 29
        },
        "MoveToBall.IsTraining.sum": {
            "value": 1.0,
            "min": 1.0,
            "max": 1.0,
            "count": 29
        },
        "MoveToBall.Losses.PolicyLoss.mean": {
            "value": 0.06037704697054328,
            "min": 0.06037704697054328,
            "max": 0.10747822520061417,
            "count": 28
        },
        "MoveToBall.Losses.PolicyLoss.sum": {
            "value": 0.06037704697054328,
            "min": 0.06037704697054328,
            "max": 0.10747822520061417,
            "count": 28
        },
        "MoveToBall.Losses.ValueLoss.mean": {
            "value": 0.0005733057001399821,
            "min": 0.000536239552778378,
            "max": 0.02708609869501117,
            "count": 28
        },
        "MoveToBall.Losses.ValueLoss.sum": {
            "value": 0.0005733057001399821,
            "min": 0.000536239552778378,
            "max": 0.02708609869501117,
            "count": 28
        },
        "MoveToBall.Policy.LearningRate.mean": {
            "value": 0.0002999994258511913,
            "min": 0.0002999994258511913,
            "max": 0.0002999996242357252,
            "count": 28
        },
        "MoveToBall.Policy.LearningRate.sum": {
            "value": 0.0002999994258511913,
            "min": 0.0002999994258511913,
            "max": 0.0002999996242357252,
            "count": 28
        },
        "MoveToBall.Policy.Epsilon.mean": {
            "value": 0.199999808617,
            "min": 0.199999808617,
            "max": 0.19999987474520006,
            "count": 28
        },
        "MoveToBall.Policy.Epsilon.sum": {
            "value": 0.199999808617,
            "min": 0.199999808617,
            "max": 0.19999987474520006,
            "count": 28
        },
        "MoveToBall.Policy.Beta.mean": {
            "value": 0.0009999981053083003,
            "min": 0.0009999981053083003,
            "max": 0.0009999987599774802,
            "count": 28
        },
        "MoveToBall.Policy.Beta.sum": {
            "value": 0.0009999981053083003,
            "min": 0.0009999981053083003,
            "max": 0.0009999987599774802,
            "count": 28
        }
    },
    "metadata": {
        "timer_format_version": "0.1.0",
        "start_time_seconds": "1672962506",
        "python_version": "3.9.0 (tags/v3.9.0:9cf6752, Oct  5 2020, 15:34:40) [MSC v.1927 64 bit (AMD64)]",
        "command_line_arguments": "D:\\Unity Projects\\PongML\\venv\\Scripts\\mlagents-learn MoveToBall.yaml --resume",
        "mlagents_version": "0.30.0",
        "mlagents_envs_version": "0.30.0",
        "communication_protocol_version": "1.5.0",
        "pytorch_version": "1.7.1+cu110",
        "numpy_version": "1.21.2",
        "end_time_seconds": "1672964563"
    },
    "total": 2056.8719583,
    "count": 1,
    "self": 0.004397800000333518,
    "children": {
        "run_training.setup": {
            "total": 0.10174810000000001,
            "count": 1,
            "self": 0.10174810000000001
        },
        "TrainerController.start_learning": {
            "total": 2056.7658124,
            "count": 1,
            "self": 5.411575899981926,
            "children": {
                "TrainerController._reset_env": {
                    "total": 6.1236525,
                    "count": 1,
                    "self": 6.1236525
                },
                "TrainerController.advance": {
                    "total": 2045.1495947000183,
                    "count": 355532,
                    "self": 5.157432100004598,
                    "children": {
                        "env_step": {
                            "total": 1828.1746913000343,
                            "count": 355532,
                            "self": 1187.5274756000053,
                            "children": {
                                "SubprocessEnvManager._take_step": {
                                    "total": 637.2484419999753,
                                    "count": 355532,
                                    "self": 16.213903099994923,
                                    "children": {
                                        "TorchPolicy.evaluate": {
                                            "total": 621.0345388999804,
                                            "count": 354827,
                                            "self": 621.0345388999804
                                        }
                                    }
                                },
                                "workers": {
                                    "total": 3.3987737000537566,
                                    "count": 355531,
                                    "self": 0.0,
                                    "children": {
                                        "worker_root": {
                                            "total": 2044.5979896999406,
                                            "count": 355531,
                                            "is_parallel": true,
                                            "self": 1082.1992957999655,
                                            "children": {
                                                "steps_from_proto": {
                                                    "total": 0.00021989999999938448,
                                                    "count": 1,
                                                    "is_parallel": true,
                                                    "self": 9.299999999967667e-05,